<?xml version="1.0" encoding="UTF-8" ?>
<CycloneDDS xmlns="https://cdds.io/config" xmlns:xsi="http://www.w3.org/2001/XMLSchema-instance" xsi:schemaLocation="https://cdds.io/config https://raw.githubusercontent.com/eclipse-cyclonedds/cyclonedds/master/etc/cyclonedds.xsd">
    <Domain id="any">
        <General>
            <NetworkInterfaceAddress>eno1</NetworkInterfaceAddress>
            <AllowMulticast>false</AllowMulticast>
            <MaxMessageSize>65500B</MaxMessageSize>
        <FragmentSize>4000B</FragmentSize>
        <Transport>udp6</Transport>
        </General>
    <Discovery>
        <Peers>
            <Peer address="fe80::a00:27ff:fee1:36c6"/>
            <Peer address="fe80::cad9:d2ff:fe18:3c85"/>
        </Peers>
        <ParticipantIndex>auto</ParticipantIndex>
    </Discovery>
        <Internal>
            <Watermarks>
                <WhcHigh>500kB</WhcHigh>
            </Watermarks>
        </Internal>
        <Tracing>
            <Verbosity>severe</Verbosity>
            <OutputFile>stdout</OutputFile>
        </Tracing>
    </Domain>
</CycloneDDS>
