<?xml version="1.0" encoding="UTF-8" ?>
<CycloneDDS xmlns="https://cdds.io/config" xmlns:xsi="http://www.w3.org/2001/XMLSchema-instance" xsi:schemaLocation="https://cdds.io/config https://raw.githubusercontent.com/eclipse-cyclonedds/cyclonedds/master/etc/cyclonedds.xsd">
  <Domain id="any">
    <General>
      <NetworkInterfaceAddress>eno1</NetworkInterfaceAddress>
	  <AllowMulticast>true</AllowMulticast>
    </General>
<!-- 	<Tracing>
	<Verbosity>config</Verbosity>
		<OutputFile>stdout</OutputFile>
	</Tracing> -->
  </Domain>
</CycloneDDS>
